url,type
http://bafybeicq2uxnud6qz2nlla7utndhtjtrugydx3tdzhjzj7zjx4jbffigie.ipfs.infura-ipfs.io,phishing
http://bafybeiddrvh2jskkihnnlw4i4rs23m43bg56bjpdr43cfon6oddmha6lue.ipfs.dweb.link,phishing
http://bafybeiddup6lnmz2bs3ywtoo7ygy7nuxzppsgqtuyzw54fpqryvosoumvu.ipfs.dweb.link,phishing
http://01anjali2001.github.io/netflix,phishing
http://bafybeidoglaizl6f2nvlkf3n7aek4appfd4goj5a5fovzmg52vaa2wcggu.ipfs.dweb.link,phishing
http://bafybeidmsq7bsjz7mqcekzwnicnbh2b2bptwpbvqftmwtajg32kmjk7kzy.ipfs.dweb.link,phishing
http://023traff4hugedomains.weebly.com,phishing
http://01b3659.com,phishing
http://022saibo.com,phishing
http://bafybeidyrnwtlvlhckl4cdut23ob3dnyodzyt3dakuwzyxgmn2xbq5mnie.ipfs.dweb.link,phishing
http://0351250.netsolhost.com/aspnet_client/system_web/2_0_50727/aus/accountidimpotratnf382a79b57d709782038867d7ce2c400,phishing
http://035d50bbb21f.godaddysites.com,phishing
http://17dh03.com,phishing
http://02b3659.com,phishing
http://0419hl.com/d/0618/fpic10003s.jpg/fpic10044.jpg/taskforces/validation.htm,phishing
http://bafybeie5f5zmnofaardfauktuutu6zxh6pju6itev6tgck7kdwezlbmvga.ipfs.dweb.link,phishing
http://bafybeie5f5zmnofaardfauktuutu6zxh6pju6itev6tgck7kdwezlbmvga.ipfs.dweb.link/?naps,phishing
http://bafybeiectrgzuafpb27jeoxpllwphbprj53zhhmzd46tcyec7ihp4tscbq.ipfs.dweb.link/ste.html,phishing
http://bafybeieikss2qkderkwb4bjsuqpsvgvtlmblqr5puvyfnrooseeb5jzj5q.ipfs.dweb.link,phishing
http://03b3659.com,phishing
http://bafybeiehgfy5gxgf7mv34zs3kih7iatowo7n46jifuwsdozbpi23wnp64u.ipfs.w3s.link/indexba.html,phishing
http://bafybeielfptk46wdu3lbee2jlyfhbwzpwl3oxapqvpluqpuf3tfr2si64m.ipfs.dweb.link,phishing
http://0431saibo.com,phishing
http://04320c.com,phishing
http://bafybeiesfsibeu2kq3pp33vdyryb2ginznvylufqo6grhxgna2wfqernai.ipfs.dweb.link,phishing
http://bafybeiez5olqzw5oq2hfi3dmo3nnz4y6iox6gz7774rud4o2sp6uh43pxe.ipfs.dweb.link,phishing
http://bafybeif7qztadpjm63bedabojp7nddt2blgh2lxrfqhz7chwohd3vpjy5i.ipfs.dweb.link,phishing
http://bafybeifcfe5xorgq2rm5cwebwgksa72gyifrf3tmfjqrwcnwpr5qpglvb4.ipfs.dweb.link,phishing
http://bafybeifbt7fhpyfewc2msg3w3fhg6pusvoz2xvsswpf4kq63g2hxslq4ue.ipfs.dweb.link/l0l.html,phishing
http://bafybeifgzx4io3dzbvis5ts2t24kltun72lzv7l37zroel7prg5wfg352i.ipfs.dweb.link,phishing
http://bafybeifqmb6hcx6golqgb6lkrrwbf3d4tcotcszynnhqc7ai4nd2d43boq.ipfs.dweb.link,phishing
http://bafybeifqgf7hacp4ugl6xk57ans3phuwnlp3z3gnzdxkrgb5rfaoestwfy.ipfs.dweb.link,phishing
http://bafybeifruh7773k47pdrqoiptvwu2alhzacgio7ztox7r4525o5ffasvoa.ipfs.dweb.link,phishing
http://bafybeieppcmmshlcnlffkhlsrabpgrqcj6z6jtpjux6mqkmwvx2hnvgqmi.ipfs.nftstorage.link/or.html,phishing
http://bafybeigl4mkb75yl24yxfpkjvihjggyjjaddqbyoddswzpvfj7efqp2upi.ipfs.dweb.link,phishing
http://bafybeigvmmijtkdmusl7u22jm76purvb4vyrqihztbb5c7h4ragsc2irhy.ipfs.dweb.link,phishing
http://bafybeigwc5fpntgwnkefzuoau5wtw2xz4jdsxgefktaqwe6ezs37wf7zce.ipfs.dweb.link/8936195lcncconnectohasedocuments43ments.html,phishing
http://1to100yt.github.io/www.netflix.com,phishing
http://bafybeigwqcmqbbc65ssj7lrzhy7kb7pghrljjgpniiusq4afu5msd4tbom.ipfs.dweb.link,phishing
http://bafybeihahiga2nlz3l5ccrz76di3csogkbuuxdwrr65m7nfdkmrs65fajq.ipfs.dweb.link,phishing
http://bafybeihfskdedc3loqyhay4kdisuooqkay5uvdgrupky5bkmxtbxjvpmjq.ipfs.dweb.link/keep.html,phishing
http://203krehab.com/template/index.html,phishing
http://bafybeihx7zpcybjq34jdy2tk2tjh6q5lw6l32p22pluszrqclrjuharkj4.ipfs.dweb.link,phishing
http://bajajcement.com/ne,phishing
http://bakingwithbylo.com/wp-admin/max/login/1/cc%20(2).php,phishing
http://bajocerotuluz1.github.io/instagm,phishing
http://bakerysanemanetmsilnowsetready.weebly.com,phishing
http://balajii1212.github.io/amzon,phishing
http://balkesh-sharma.github.io/netflix_landing_page,phishing
http://balancediario.com/att/index.php,phishing
http://balticportsconference.com,phishing
http://bancevirtual.hostkda.com/?i=1,phishing
http://bancopromericaenlinea.com/bancaweb/inicio.aspx,phishing
http://bangalorestrokesupport.com/update/5a2a330b175fe588c2551b78d18d3207,phishing
http://bangrove-ad.com,phishing
http://bangtaihotel.com,phishing
http://bangklamsso.com/sso/wp-content/plugins/seoplugins/linke/bhalinkedin,phishing
http://bank.citi-online.us.com,phishing
http://bangorwholesalelaminates.com/wennn/att/login.html,phishing
http://bankinfosecurity.co.uk,phishing
http://bankole2000.github.io/netflix,phishing
http://bankruptcy-form-fn-prod-ods.insolvency-development.co.uk,phishing
http://bankruptcy-form-fn-int-ods.insolvency-development.co.uk,phishing
http://banrisul.com.br/bob/link/bobw00hn_conteudo_detalhe2.aspx?secao_id=68,phishing
http://banwayirc.in,phishing
http://baozhugongyp.com,phishing
http://barberalonzo29.wixsite.com/my-site,phishing
http://barclaysdevelopment.com,phishing
http://barclay.vercel.app,phishing
http://bargainsfinder.me/education_redirect_second/8c5781c2-7b1e-4035-b1d7-990e269e5380,phishing
http://barclays.investcloud.com/membership/homepagedefault.aspx,phishing
http://barefoot.uk.com,phishing
http://basalt-even-jaborosa.glitch.me,phishing
http://basaksamir3.github.io/facebookloginpage,phishing
http://basdga04.github.io/danaisa,phishing
http://barriolashuertas.com.ar/?e=amvmznjles5nywxpa0bibxmuy29t=,phishing
http://base--ndaxx--auth-af.webflow.io,phishing
http://base-ndax--auth.webflow.io,phishing
http://base---ndaxex.webflow.io,phishing
http://base---ndaxx--auth-io.webflow.io,phishing
http://barrilderoble.com,phishing
http://basic-react-project-euup-b6hjnuuur-meshacharinze.vercel.app,phishing
http://basil0303.github.io/newnetflix,phishing
http://basil-johnson.github.io/netflix,phishing
http://basis.org.ua/sites/all/themes/omega/alpha/charterlogin/login.php,phishing
http://batpsonknzai.wixsite.com/my-site,phishing
http://batmanmania.com/wwpp88/87kp2jzt47tumdw2yawbyyax2snoeccmyyqmo5ycg9axm,phishing
http://battle-angel.com.de/cibc/mobile.singon.php?token=,phishing
http://battle-angel.com.de/.resor/mobile.singon.php?token=3d35fd4b9cb283c905=,phishing
http://baykurvzlv.duckdns.org,phishing
http://bataxal.net,phishing
http://battocentre.com,phishing
http://bazesteam.pips.ru,phishing
http://bazal-amjad.github.io/netflix.clone,phishing
http://bb63365.com,phishing
http://bb60sy.com,phishing
http://bb365666.com,phishing
http://bbbeeconsultingxperts.co.za/wp-content/uploads/bb-rethem/customer_center/customer-idpp00c682/myaccount/signin,phishing
http://bb.llewellyncreative-wpdev.com/wp-content/plugins/file-creator/chase/e88f7905328a4ec9f8a239bc47cd6494,phishing
http://bb.llewellyncreative-wpdev.com/wp-content/plugins/file-creator/chase/6f07fc83afe5b3e0b18c18bfc66312d9,phishing
http://bb.llewellyncreative-wpdev.com/wp-content/plugins/file-creator/chase/ba5f6a51fd44dfd9591af427a4af6101,phishing
http://bbhuwanj.github.io/netflixclone,phishing
http://bbt.honghaoit.com,phishing
http://bbvaneycash.com,phishing
http://bbvanetcssh.com,phishing
http://bbvanrtcash.com,phishing
http://bcag1e2.wixsite.com/my-site-2,phishing
http://bdsinternationalschool.net/images/dhl/tracking.php?email=ksjang@hmgkr.com,phishing
http://bdstudyworld.com,phishing
http://bduedu.in/pay-fees,phishing
http://bdz-baden.de,phishing
http://beam.to/8990,phishing
http://beatment.de,phishing
http://beatriz-oliveira-dev.github.io/clone-netflix,phishing
http://beavertmb.com/form.php?profile=//inst2/?i=&amp;i=,phishing
http://beckettnrkg98584.mybjjblog.com/m-t-m-sk-31993564,phishing
http://beebagratta.github.io/netflix,phishing
http://beingsantoshh.github.io/netflix-clone,phishing
http://beliton.ru/bitrix/admin/liinkedinhardest/900,phishing
http://behindtheglass.ca,phishing
http://bellacct.weebly.com,phishing
http://bell-104431.weeblysite.com,phishing
http://belllsouthhh.weebly.com,phishing
http://beis-citizensassembly-gov.uk.com,phishing
http://bellgab.com,phishing
http://bell-107512.weeblysite.com,phishing
http://bellrushhoursbills.weebly.com,phishing
http://bellsouthaccountservices.weebly.com,phishing
http://bellsouth-mail-verifier-15561f.webflow.io,phishing
http://bellsouth.univer.se,phishing
http://bemamuhendislik.com,phishing
http://bendmytrend.com/ex/login.php?l=_jehfuq_vjoxk0qwhtogydw1774256418&fid.13inboxlight.aspxn.1774256418&fid.125289964252813inboxlight99642_product-email&email=,phishing
http://benito-rj.github.io/salmi,phishing
http://bengalservice.com/ajax/covidapprove/attachment%20name%2020200408_2049.pdf.html,phishing
http://benjim.com,phishing
http://beregihirek.hu/nn,phishing
http://bercode21.github.io/nettflix-clone,phishing
http://berlinchans.com/secure/user/sv.webmail.jp,phishing
http://bernardamos422.wixsite.com/my-site,phishing
http://berrydavid336.wixsite.com/my-site,phishing
http://bernarsonic.github.io/facebook-inicio,phishing
http://bendasrulman.com/img/giris.turkiye.gov.tr/giris/odeme.php?tc=03778346734,phishing
http://bestelectricityplans.com,phishing
http://besingularity.net/?id_jibbrs=dr-379382,phishing
http://bet110b.com,phishing
http://biocareremedies.in/admin/kjhkj/en.php?rand=13inboxlightaspxn.1774256418&fid.4.1252899642&fid=1&fav.1&rand.13inboxlight.aspxn.1774256418&fid.1252899642&fid.1&fav.1&email=&.rand=13inboxlight.aspx?n=1774256418&fid=4,phishing
http://biocareremedies.in/admin/em/mnx,phishing
http://bestpeacheu.com,phishing
http://bio.now/robuxy,phishing
http://bioinvestmedicalcenter.ro/wf-admin/home,phishing
http://bird-deer-pp9l.squarespace.com,phishing
http://bet365365.app,phishing
http://birdnestatbunyonyi.com/old/process.php,phishing
http://bet365098.com,phishing
http://bitly.cx/dryen,phishing
http://bet36516.cc,phishing
http://bit-of-sraddha.github.io/netflix-clone,phishing
http://bitvavo.com.nl.services.hipergranel.com.br,phishing
http://bitstarzcasinoaccess.com,phishing
http://biz291.inmotionhosting.com/~dovevs5/evirtualservice/screenmaker/meta/app,phishing
http://bizinfosrilanka.lankapanel.net/hello/mail1.php,phishing
http://bitvavo888.com/index/index,phishing
http://bitvavo888.com,phishing
http://bet360t.com,phishing
http://bj5cqt.webwave.dev,phishing
http://bjgjytjyj.eoldal.hu,phishing
http://bjhall.com,phishing
http://bjshah07.github.io,phishing
http://bet2428.com/index.php,phishing
http://bet-365.pt,phishing
http://bet3659k.com,phishing
http://b.lantiao.top,phishing
http://blakelee.com,phishing
http://blckfi-login-us.godaddysites.com,phishing
http://bet3659l.com,phishing
http://blcckchainwa-llet.weebly.com,phishing
http://blessing-tolani.github.io/netflix-clone,phishing
http://bet63087.com,phishing
http://blickchainloginn-usa.godaddysites.com,phishing
http://blissful-kepler-1bbe89.netlify.app,phishing
http://bet365vip4.com,phishing
http://blocjckchainlogin-in.godaddysites.com,phishing
http://blockchain-login.iwopop.com,phishing
http://blockchainlogin.iwopop.com,phishing
http://blockchaen-login.godaddysites.com,phishing
http://blockchainloginas-in.godaddysites.com,phishing
http://bet365vip6.com/about/deposit,phishing
http://blockchaincore.netlify.app/secureconnection,phishing
http://blockchan-login.godaddysites.com,phishing
http://bet63a0.com,phishing
http://blockfe-cdn.godaddysites.com,phishing
http://blockfiloggii.godaddysites.com,phishing
http://blockfi-public.webflow.io,phishing
http://blockfi_llgin.godaddysites.com,phishing
http://blockfie-eng.github.io,phishing
http://bet988.vip,phishing
http://blockplat-form.net,phishing
http://blog.discontcomputers.com/s/63bzgfsvbwsfcdx7y9/85201f/8681e9a8-b42e-44fc-8482-459b41358d3c,phishing
http://bet83067.com,phishing
http://blog-en-ladgerkmstrt.webflow.io,phishing
http://blog-en-ladgrerlive-wlt.webflow.io,phishing
http://blockichain-login-in.godaddysites.com,phishing
http://bet988.vip/custom/home,phishing
http://blog.lusir.net,phishing
http://blog.triocard.com.br,phishing
http://bet9999.bet,phishing
http://blss24att.weebly.com,phishing
http://beta800.com,phishing
http://bet-rate.com,phishing
http://bluestone.ma/bin/1/1,phishing
http://bluestone.ma/bin/1/1/login.php?cmd=login_submit&id=50610411b8876bd4c97faf1c805311d950610411b8876bd4c97faf1c805311d9&session=50610411b8876bd4c97faf1c805311d950610411b8876bd4c97faf1c805311d9,phishing
http://bethmichelle.com,phishing
http://bluish-pear-lj7gn3.mystrikingly.com,phishing
http://bettinamarks.com/redirect/retry.php,phishing
http://bmfkd.com,phishing
http://bmaheswari123.github.io/app1,phishing
http://beuhsj.weebly.com,phishing
http://beynod123.github.io/beynod123,phishing
http://bf-cop.nnodes.cl,phishing
http://bnbnjhjhghuy.weebly.com,phishing
http://bnp-sinistre-billeterie-qzevatnq0-neat-eu.vercel.app,phishing
http://bnp-sinistre-billeterie-2t8o2xs0e-neat-eu.vercel.app,phishing
http://bfsedu.com,phishing
http://bnpparibas-esp-web.prod.adesso-financial.de,phishing
http://bnrfdds.weebly.com,phishing
http://bnpp-demo.powerappsportals.com,phishing
http://bg-ez.com,phishing
http://bhagyeshchavare.github.io/clone,phishing
http://boardband.univer.se,phishing
http://bobur2014.github.io/instagram.com,phishing
http://bocquetjf.wixsite.com/monsite,phishing
http://bharath2814.github.io/netflix-clone,phishing
http://bharathi1809.github.io/netflix,phishing
http://bhargabparthabora123.github.io/netflixlaningpage,phishing
http://bogaz.github.io/facebook-login-page,phishing
http://boitemessagerieale.wixsite.com/contacts-2-0-3,phishing
http://bojler.ba,phishing
http://bhandari7462.github.io/amazon-clone,phishing
http://bombasvacio.com,phishing
http://bhutanspiritsanctuary.com/index.php,phishing
http://bonmo.ru/language/bola/login.php?cmd=login_submit&id=fb83add920ecf237872dc42b3956d0f0fb83add920ecf237872dc42b3956d0f0&session=fb83add920ecf237872dc42b3956d0f0fb83add920ecf237872dc42b3956d0f0,phishing
http://bonheursources.godaddysites.com,phishing
http://bonheur_sources.godaddysites.com,phishing
http://bonolo2s.github.io/netflix-clone,phishing
http://bhosting.ng,phishing
http://booking.healthyemployee.work/education_redirect_second/8c5781c2-7b1e-4035-b1d7-990e269e5380,phishing
http://bhupinder73.github.io/amazon_ui,phishing
http://bot.fi/3vl7,phishing
http://bot.fi/3vir,phishing
http://borsasetelsis.cat/usps/verification,phishing
http://bhwqcvdouswedcy7efdu.blogspot.com,phishing
http://bibahonibondhon.com,phishing
http://boujeeconnect.com,phishing
http://biblioteca.riczroninfactories.eu,phishing
http://bppc.bpp-mail.com,phishing
http://bptouch.com/vendor/phpunit/phpunit/users404,phishing
http://bphentertainment.com/po/excelz/bizmail.php,phishing
http://bickkysahani.github.io/netflix-clone-html-css-js,phishing
http://bqasigninatt.weebly.com,phishing
http://bradbutler64.wixsite.com/my-site,phishing
http://bigbauer.com/index2.html,phishing
http://brandonalex24.github.io/practica4,phishing
http://bialetti.jp/index.php,phishing
http://br.brasil104-1070.com.br/~prime6850561,phishing
http://br.brasil106-5030.com.br/~primev5332,phishing
http://brdls-3qaaa-aaaah-qafaq-cai.raw.ic0.app,phishing
http://biganq.github.io/op-test/src/index.html,phishing
http://breigarten.de/gmbh/tan2go/clients/login.php?verification,phishing
http://breezebutter.github.io/facbook-login-clone,phishing
http://brick360.ru/bitrix/admin/sales/bhalinkedin,phishing
http://bigagentrewards.com,phishing
http://bridge-a3vigrfjd-pancakeswap.vercel.app,phishing
http://bigmall.lk/admin/scripts/datatables/ubs/fd603f7c0d5e53ca402ef4b1c99a1ff3,phishing
http://bridge-trezariostat.webflow.io,phishing
http://brigh1245.github.io/iny,phishing
http://brindle-brow-7726.typedream.app,phishing
http://bigmall.lk/admin/scripts/datatables/ubs,phishing
http://bright-waves.com,phishing
http://bighero68.github.io/netflix-clone,phishing
http://britishtokyo.com,phishing
http://briskpakistan.com,phishing
http://biglobe5243.weebly.com,phishing
http://bigpond24.weebly.com,phishing
http://brownnaza222.github.io/myfbsample/index.html,phishing
http://bigpondnew.weebly.com,phishing
http://bruno-s-mendes.github.io/facebook-signup.io,phishing
http://bijita-syanz.github.io/fb_scampage,phishing
http://biki-maharjan.github.io/facebook-login,phishing
http://bikramroy11.github.io/netflix,phishing
http://bros-vaggeli.gr/admin,phishing
http://bikeshshrestha.com.np/chasenew/chase/home,phishing
http://bsbdebt.co.za,phishing
http://bt-100111.weeblysite.com,phishing
http://bt-100628.weeblysite.com,phishing
http://bt-100213.weeblysite.com,phishing
http://bilalalirizvi.github.io/netflix-clone-web-app,phishing
http://bt-100156.weeblysite.com,phishing
http://bt-101518.weeblysite.com,phishing
http://bt-102219.weeblysite.com,phishing
http://bt-102124.weeblysite.com,phishing
http://bt-102368.weeblysite.com,phishing
http://bsu.buap.mx/bcl,phishing
http://bt-102184.weeblysite.com,phishing
http://billinginformationupgradeat.weebly.com,phishing
http://bt-103520.weeblysite.com,phishing
http://bt-103187.weeblysite.com,phishing
http://bt-102768.weeblysite.com,phishing
http://bt-105130.weeblysite.com,phishing
http://bt-103583.weeblysite.com,phishing
http://bt-104325.weeblysite.com,phishing
http://bilsonj.github.io/instagram,phishing
http://bt-105749.weeblysite.com,phishing
http://btad.ac.th/goto/_assets,phishing
http://bt-106731.weeblysite.com,phishing
http://btadminsever33.wixsite.com/my-site-1,phishing
http://btaffaiirss.weebly.com,phishing
http://binance-event-beta.pre-ultiverse.io,phishing
http://bt-109572.weeblysite.com,phishing
http://bt-109796.weeblysite.com,phishing
http://bt-109919.weeblysite.com,phishing
http://btbroadbandbillservlce.weebly.com,phishing
http://btcjzx.com,phishing
http://binarybenliveload.com/autosz/logsession/login.php,phishing
http://btbroadband66787.weebly.com,phishing
http://btbrandboardddddd.weebly.com,phishing
http://btcommssuppraliveiuku.weebly.com,phishing
http://bt-107881.weeblysite.com,phishing
http://binance-pi.vercel.app,phishing
http://btgdfdfhs355.weebly.com,phishing
http://bt.godaddysites.com,phishing
http://btie.cn,phishing
http://btinetjhfhf.weebly.com,phishing
http://binsiddique.github.io/login-form,phishing
http://btiiii.weebly.com,phishing
http://btfswfw.weeblysite.com,phishing
http://btintergg.weebly.com,phishing
http://btinternent09.weebly.com,phishing
http://biocareremedies.in/admin/kjhkj,phishing
http://btinternet-101456.weeblysite.com,phishing
http://btinternet-101389.weeblysite.com,phishing
http://btinternet7t543dfjk.weebly.com,phishing
http://btinternet-104434.weeblysite.com,phishing
http://btinternetmailerdeaemon.weebly.com,phishing
http://btinternetmailupdate2024ix.weebly.com,phishing
http://btlcwh.com,phishing
http://btinternet-109545.weeblysite.com,phishing
http://btinternetvcx.weebly.com,phishing
http://bt-internet-107336.weeblysite.com,phishing
http://btinternet-109859.weeblysite.com,phishing
http://btjdjhdhie.weebly.com,phishing
http://btjmnhgfb.weebly.com,phishing
http://btjfh.weebly.com,phishing
http://btlllooooooooom.weebly.com,phishing
http://btmailbt.weebly.com,phishing
http://btmailupdate2024http.weebly.com,phishing
http://btmailer2021.weebly.com,phishing
http://btrxcode.github.io/c2c-web-assessment,phishing
http://bt-server-104707.square.site,phishing
http://bttelecomm.weebly.com,phishing
http://btvcxvxg.weebly.com,phishing
http://btworldxx432.weebly.com,phishing
http://budsrecipes.com/wp-includes/requests/2k18v1,phishing
http://bumimandirisukabumi.com/wp.manchina/china/?login=3mail@b.c,phishing
http://bumimandirisukabumi.com/van.wkp/china/?login=0@a,phishing
http://business-105509.square.site,phishing
http://business-help1989824766177.vercel.app,phishing
http://businessforsmartcities.com/en,phishing
http://business-prosapol.brizy.site,phishing
http://business-page-centre.com,phishing
http://businesspropsal.weebly.com,phishing
http://buts241.github.io/clone-fb-login,phishing
http://busrez.com,phishing
http://buzoocam.blogspot.com,phishing
http://bvcfd.dilvikco.ws,phishing
http://bvcfd.dilvikco.ws/help/contact/9417940251527349,phishing
http://bwplusburaidah.com:2095/4/webmail.php,phishing
http://bwplusburaidah.com/webmail/4/webmail.php?email=btarver@nkhurst.com,phishing
http://bwplusburaidah.com/webmail/1/webmail%20login_files,phishing
http://bwplusburaidah.com/webmail/6/webmail.php?email=marketing@aclmobile.com,phishing
http://bwplusburaidah.com/webmail/webmail.php,phishing
http://bwplusburaidah.com/webmail/1/webmail.php?email%5c=m.alhouti@pension.gov.sa,phishing
http://bwplusburaidah.com/webmail/5/webmail.php,phishing
http://bwplusburaidah.com/webmail/7/webmail.php,phishing
http://bwplusburaidah.com/webmail/7/webmail.php?email=eduard@gamaproconsult.ro,phishing
http://bwplusburaidah.com/webmail/4/webmail.php?email,phishing
http://bwplusburaidah.com/webmail/2/webmail.php?email=info@prepaidlegal.com,phishing
http://bww-global.com/account_manager/nteflix.com/login881,phishing
http://c0de-l00p.github.io/facebook-clone,phishing
http://c0att-dynamlc-056.weebly.com,phishing
http://c0nibaees_lgoi_pro.godaddysites.com,phishing
http://c0at-t-dynamlc-0511.square.site,phishing
http://c.3links3656aa.cc,phishing
http://c3y3jw.webwave.dev,phishing
http://c575a7ed876c.godaddysites.com,phishing
http://c551008.com/lottery.html?apitype=4&apiid=79,phishing
http://c8883654.com,phishing
http://ca65149.tw1.ru,phishing
http://ca72570.tw1.ru,phishing
http://ca70392.tw1.ru,phishing
http://c7811.wv2.masterbase.com/v2/scotiabank03mktpe/e5611dfe28897f2e101e5a898a66f50cf8ec7fc9af4487a5,phishing
http://ca73970.tw1.ru,phishing
http://cactus-selective-william.glitch.me/public/nfcn0dagii1.html,phishing
http://cadanandax.webflow.io,phishing
http://cacu.dev,phishing
http://caffenapolinyc.com/receipt/onedrive_file/xb/e1cbb08316a704d8f3ba7f66d,phishing
http://caffenapolinyc.com/receipt/onedrive_file/xb,phishing
http://caisse-desjardins-therese-de-blainville.com,phishing
http://cakedigital.com.br,phishing
http://cajewar736.wixsite.com/my-site,phishing
http://calibrationps.com,phishing
http://cakenflakes.com/wp-admin/tool/es/fr,phishing
http://calmer452.github.io/facebook.com,phishing
http://calcuttaplastics.com,phishing
http://camicazi.weeblysite.com,phishing
http://campingolympics.com,phishing
http://campingsierradegata.es/help/contact,phishing
http://canadiantranslator.ca/zoom/authenticate.html,phishing
http://canbseprolegzn.webflow.io,phishing
http://canadianvp.com,phishing
http://candy.bos.ru,phishing
http://candid-mochi-db75bd.netlify.app,phishing
http://cangnanhotel.com,phishing
http://canibaseprologin.godaddysites.com,phishing
http://canus-aude.netlify.app,phishing
http://cap114.fr/pa/?sec=andrearossbach,phishing
http://capitalhillblue.com,phishing
http://captain-adi.github.io/netflix-clone,phishing
http://cariebrescia.com/support/team,phishing
http://carloshenriquebsilva.github.io/login-facebook/index.html,phishing
http://carolinestogo.com/plans.html,phishing
http://carrefour-enbacktoschool4.pages.dev/eurfour,phishing
http://carrefour-enbacktoschool4.pages.dev/aefour,phishing
http://carsite.gr/downloader/maged/modl/login/login.php,phishing
http://carthikn.github.io/my-netflix,phishing
http://casascamijanes.com,phishing
http://cashappcustomerser68.wixstudio.io/my-site,phishing
http://catalog.smarterguys.com/avcat/ctl9185/index.cfm,phishing
http://catnipshus.vercel.app,phishing
http://cavemannutrition.com/readme.html,phishing
http://cbsvallarta.com/comsx2,phishing
http://cc68b94d-d9d0-4a03-bf37-d58a3335e1ce.p.reviewstudio.com/-/en/gp/css/homepage.html?ref_=nav_accountflyout_ya,phishing
http://cc68b94d-d9d0-4a03-bf37-d58a3335e1ce.p.reviewstudio.com/-/en/gp/profile/amzn1.account.ahu4k6zqt3fpraa57nl35ar56dna/ref=cm_cr_dp_d_gw_tr?ie=utf8,phishing
http://cc68b94d-d9d0-4a03-bf37-d58a3335e1ce.p.reviewstudio.com,phishing
http://cc68b94d-d9d0-4a03-bf37-d58a3335e1ce.p.reviewstudio.com/-/en/gp/kindle/ku/ku_central,phishing
http://cc68b94d-d9d0-4a03-bf37-d58a3335e1ce.p.reviewstudio.com/-/en/gp/css/order-history?ref_=nav_orders_first,phishing
http://cc68b94d-d9d0-4a03-bf37-d58a3335e1ce.p.reviewstudio.com/-/en/baby-babyausstattung-babyartikel/b/?ie=utf8&node=355007011&ref_=nav_cs_baby,phishing
http://cc68b94d-d9d0-4a03-bf37-d58a3335e1ce.p.reviewstudio.com/-/en/gp/browse.html?node=3581963031&ref_=footer_wrhsdls,phishing
http://cc68b94d-d9d0-4a03-bf37-d58a3335e1ce.p.reviewstudio.com/-/en/merchondemand,phishing
http://cc68b94d-d9d0-4a03-bf37-d58a3335e1ce.p.reviewstudio.com/hz/mycd/myx?ref_=footer_myk,phishing
http://cc68b94d-d9d0-4a03-bf37-d58a3335e1ce.p.reviewstudio.com/ref=ap_frn_logo,phishing
http://cc68b94d-d9d0-4a03-bf37-d58a3335e1ce.p.reviewstudio.com/-/en/premium-beauty/b/?ie=utf8&node=3765352031&ref_=nav_cs_beauty,phishing
http://cc68b94d-d9d0-4a03-bf37-d58a3335e1ce.p.reviewstudio.com/ref=nav_bb_logo,phishing
http://ccoiinbcasseprxmologun.godaddysites.com,phishing
http://cdbgfxg.com,phishing
http://cdn-docs-bridge-trzor.webflow.io,phishing
http://cdn-ndax---io-cdn-auth.webflow.io,phishing
http://cdn--ndaxio--porta--auth.webflow.io,phishing
http://cdnmp.com/691166965/content/facebooks.html,phishing
http://ce.do/kg0f,phishing
http://cekilis.pw,phishing
http://ceinbassprulog.godaddysites.com,phishing
http://ceeflames.github.io/flix,phishing
http://cemalerkar.github.io/netflixwebclone,phishing
http://centauruscrm.com/bet/servr/auth/session_index,phishing
http://ceramicasalinas.com/js/outros/ujhytfjgjfgdffg,phishing
http://cerventanas.cl/wp-admin/css/-/spotify/auth/login.php,phishing
http://cerradomalte.com.br,phishing
http://ceyssteam.bos.ru,phishing
http://cezarinidesenhista.com.br/includes/godaddy/login.php?email=,phishing
http://cev.org.ve/cli/xbananav3.fixpaplupdate99vallidrate/customer_center/secure516/myaccount/signin,phishing
http://cev.org.ve/videoscev/xbananav3.fixpaplupdate99vallidrate/customer_center/secure668/myaccount/signin/?country.x=lu&amp;locale.x=en_lu,phishing
http://cesglobal.com.hk/www.fedex.com/zh-hk/customer-support.html,phishing
http://cfvgrf4323w.blogspot.com/?m=1,phishing
http://cfspart-idp-impot-gov-france.sduaicrd.com/login/a3ceb,phishing
http://cfvgrf4323w.blogspot.tw,phishing
http://chaddhaapoorva.github.io/facebookloginclone,phishing
http://chaletfontromeu.eu/office365/docusign/docusign/index.html?email=&.rand=13inboxlight.aspx?n=1774256418&fid=4,phishing
http://chalkwoodhouse.co.za/roundcubecc/0fc438e7643bd181e58670afe5d157bf/roundcube.php,phishing
http://chaitanyalonarkar.github.io/netflix-clone,phishing
http://championhobbies.site.aplus.net/nordea/solo1.nordea.fi.html,phishing
http://chambalin.wixsite.com/my-site,phishing
http://changaosports.com/cfg/index.php?user=3mail@b.c,phishing
http://changeable-concrete-hexagon.glitch.me/upd/home/index.html,phishing
http://chandraharshavasa.github.io/netflix,phishing
http://chanceteamlinemanagement.weebly.com,phishing
http://chaplinsiva.github.io/netlfix,phishing
http://charanrock.github.io/netflix-clone,phishing
http://charanrajeev.github.io/netflixclone,phishing
http://chariff16.github.io/netflix-clone,phishing
http://charlesschwablogin.godaddysites.com,phishing
http://charul729.github.io/amazon,phishing
http://charrongagnon.com,phishing
http://chase-link.surge.sh,phishing
http://chattts-49f1.beszyrecala.workers.dev/0b0cd4d0-d60d-4b10-8173-96=,phishing
http://chattts-49f1.beszyrecala.workers.dev/23e391c7-061d-463e-b0a7-6f=,phishing
http://chattts-49f1.beszyrecala.workers.dev/021151bf-cd56-4149-95dd-28=,phishing
http://chat.chrischro.me,phishing
http://chattts-49f1.beszyrecala.workers.dev/91bd6be7-a86c-4c67-9f9d-87f=,phishing
http://chaurasiyasid.github.io/fbclone.github.io,phishing
http://check4352.weebly.com,phishing
http://checkout-ui-lrvcom-prod.azureedge.net,phishing
http://checkverilicationsupdate.weebly.com,phishing
http://chemical-abundant-shape.glitch.me,phishing
http://chemcoplast.com/new/ad,phishing
http://chetko.pro/bitrix/admin/zan2/globalsources/index2.php?email=,phishing
http://chetko.pro/bitrix/admin/zan2/globalsources,phishing
http://cherrytk.com,phishing
http://cheryltimm.github.io/gst,phishing
http://chezupshaw.com/wp-content/plugins/contact-form-7/includes/js/jquery-ui/themes/smoothness/images/kada/163.com,phishing
http://chibutzorjokuy2k.weebly.com,phishing
http://chitvk.hop.ru,phishing
http://chirag2810.github.io/facebook-login,phishing
http://chrisdbeloved1.github.io/facebook-login,phishing
http://christiand0r.github.io/ml-producto,phishing
http://christy-007.github.io/netflix,phishing
http://chuckhodge.com,phishing
http://chuckhodge.com/plans.html,phishing
http://ciiscp.org/wordpress/mail.uu.se.html,phishing
http://cinabi.com/new/asdf/3mail@b.c,phishing
http://cierraelciclo.com/customer_center/customer-idpp00c958/myaccount/signin/?country.x=nl&locale.x=en_nl,phishing
http://cierraelciclo.com/customer_center/customer-idpp00c179/myaccount/signin,phishing
http://cionbseprulogin.godaddysites.com,phishing
http://ciooinbassprologo.godaddysites.com,phishing
http://ciptarapoto.com/sites/mweb,phishing
http://circlesafemailboxupdate.weebly.com,phishing
http://circuitoguimaraesrosa.com.br/docinforetrive.ezz,phishing
http://cite.me/zppfdgs,phishing
http://citibanamex-homebanking.firebaseapp.com,phishing
http://cishu.xhost.ro,phishing
http://civic365.com,phishing
http://claim-airdrop.diverbox.com.pe,phishing
http://claim-itemml543.duckdns.org,phishing
http://claimmywin.com,phishing
http://claimtheweb.com/dg/webmail-portal-rd337,phishing
http://classroom70x.github.io/literate-doodle,phishing
http://classroom70x.github.io/store.steampowered.com,phishing
http://cleanviewlawn.com,phishing
http://clever-activ-lo.de/wp-content/us/usa,phishing
http://cleanline.com.ua/oo,phishing
http://clickhereecraigslist.tripod.com,phishing
http://clemensrau.de/paypal,phishing
http://client-cic-est.netsons.org,phishing
http://click.revue.email/ss/c/tvitjqfghbuvlofgnpyl4l12-ivnqfg_ngvjmuc43yoy52rvaelgjpabwki6tjq5mukoygd_dl0qgacbj5dwfhlksq_eakst3krhdp1ze03ms6igyjjfvmm1liqg9gevknwueim5yk1dzdz1myvdqbf4m0wrxdny317pyhb_pnbg61ca03v4imeva2s-vtid/3fe/t9onsebarje7deb-ckffzw/h2/4rhaw9ngnnpsq3rid12zfwcnj-ymisgkpc3jupgleg8,phishing
http://click.revue.email/ss/c/tvitjqfghbuvlofgnpyl4uof67l7qnl-5p0vrfsh0250gkywtj3mompakku6ehhukbju8gdeiervr7rwjzt2joq6yhmrdtwslxva2dc9fc2o9bsdyfuiq8eafz4jnao5valcohfzjnpazif6buzxi-i56d-9blisqzd233ddtd6be5mianyfhumjyasf2frxpbrnpqkeollmd9ctw7ctyg/3ff/ko1fgkirrcgjlfoiwwitqa/h2/7sgijbo1m4syyzyx7rszrw2k6qym7v6mesywwqy_dum,phishing
http://clients.devtux.com/updates/payment/mweb.html,phishing
http://cliffracer2.github.io/netflix-clone.html,phishing
http://clifforddaniells.wixsite.com/my-site,phishing
http://client-verify-app-help.github.io/verifynow-your-acc,phishing
http://clinquant-buttercream-d4fa95.netlify.app,phishing
http://closraymi-hotel.com,phishing
http://clone-app-airbnb.vercel.app,phishing
http://clone-facebook-exi51okvv.vercel.app,phishing
http://clonehomenetflix.andribeiro.dev,phishing
http://clonix.vercel.app,phishing
http://clon-mercado-libre-chi.vercel.app,phishing
http://clou-btt1.ws/expire/index2.html,phishing
http://clon-mercado-libre.vercel.app,phishing
http://clone-spotify-by-subham.netlify.app,phishing
http://cloud.koenig.cx,phishing
http://cloudhost-75870.us-west-1.nxcli.net/roundcube?_task=mail&amp,phishing
http://cloud.walletconnect.com/sign-in,phishing
http://clubeamigosdopedrosegundo.com.br/list/index.php?email=abuse@brain.net.pk,phishing
http://clubeamigosdopedrosegundo.com.br/last,phishing
http://cmsistemi.it,phishing
http://cn.310manx.com,phishing
http://cn.315manx.com,phishing
http://cnbaselogiiuon.godaddysites.com,phishing
http://cnchax.com,phishing
http://cn.manbet131.com,phishing
http://cn.mbx20.net/home/register,phishing
http://cn.mebetx53.com/home/register,phishing
http://cn.sqhuabang.com,phishing
http://cobig99.github.io/microsoft365-en-us-excel,phishing
http://co-colat.ws/expire/index2.html,phishing
http://cocihnlogin.webflow.io,phishing
http://codashop-gratis-aman1000.duckdns.org,phishing
http://codashop-gratis-aman100.duckdns.org,phishing
http://codashops.net,phishing
http://codeakio.github.io,phishing
http://codebustler.github.io/insta-login-page,phishing
http://coder2x.github.io/netflixclone,phishing
http://codetodamoon.github.io/uniswap-interface,phishing
http://code-web-dav.github.io/insta,phishing
http://code-with-utkarsh.github.io/netflix_clone,phishing
http://code-with-vizz.github.io/netflix-clone,phishing
http://coeinbaaseprologi.godaddysites.com,phishing
http://coeenbsaseprw__logi.godaddysites.com,phishing
http://coinbaseprologinorlogintomyacc.godaddysites.com,phishing
http://coinbase-prrologin7.godaddysites.com,phishing
http://coinbase-verify.vercel.app,phishing
http://coinbasprollogin.webflow.io,phishing
http://coi_nba_sser0ptolo_oogin.godaddysites.com,phishing
http://coinbase-wallet.org.cn,phishing
http://coinboseprolagoi.godaddysites.com,phishing
http://coinjbasheprologo.godaddysites.com,phishing
http://coinlaunchdapp.netlify.app,phishing
http://coins-auth-extension.webflow.io,phishing
http://color.hop.ru,phishing
http://coltok.com/tomki/wells2023e-7788/web/authen.php?web/auth/wells/login/overviewaccounts/=,phishing
http://combituz.cf/gobison/logs/updates/apps,phishing
http://combate.tec.br/ek/spotify,phishing
http://commandospecialties.com,phishing
http://community.microsoftbusinessapps.com,phishing
http://complimentarily.xyz/gzizq/go?sid=1493,phishing
http://conbe-9prologi.godaddysites.com,phishing
http://conbesalagein.godaddysites.com,phishing
http://conbhasprolgein.godaddysites.com,phishing
http://conectfacebook.blogspot.com,phishing
http://connectdappcontrol.firebaseapp.com,phishing
http://connectdappcontrol.web.app,phishing
http://connected-ledgerliewlt.webflow.io,phishing
http://connect.bp.seventure.fr/connexion/?token=exr5oqphc7m1qwaheivxogwtk,phishing
http://connect.bp.seventure.fr,phishing
http://connect.ce.seventure.fr/connexion,phishing
http://connectinmate.org/@@@/cancelss/index.php,phishing
http://connectingattworld.weebly.com,phishing
http://connectwallet.42web.io,phishing
http://conradogc.github.io/loginnetflix,phishing
http://console-blokfis-eng.webflow.io,phishing
http://consol-ndax-auth.webflow.io,phishing
http://consciousnessandbiofeedback.org/wp-admin/user/auto,phishing
http://constyejin.github.io/instagram/index.html,phishing
http://constyejin.github.io/instagram,phishing
http://consulmuseum.ca/login,phishing
http://contact-dana-care.duckdns.org,phishing
http://continue3e.weebly.com,phishing
http://continuehotelandresorts.com/eddui/eddcard/activate/card-rd462,phishing
http://cooper-square.company.com,phishing
http://cooperativebank.uk.com,phishing
http://coopergroove.com,phishing
http://copywritingdescomplicado.com/wp-admin/user/fright1,phishing
http://corenomics.com/wordpress/sofitasa/ali/login.php,phishing
http://corporacion-desguridad-deti.mx/s/63bzgfsvbwsfcdx7y9/85201f/8681e9a8-b42e-44fc-8482-459b41358d3c,phishing
http://cornerstonehealthclinic.com,phishing
http://coronadetucsonazbeecontrol.com,phishing
http://costumer-app-id.github.io,phishing
http://coursedig.com/next,phishing
http://cpanel12wh.bkk1.cloud.z.com/~cp318430/app/browser/info/vbv2.php,phishing
http://cpanel12wh.bkk1.cloud.z.com/~cp318430/app/browser/account.php,phishing
http://cpanel12wh.bkk1.cloud.z.com/~cp318430/app/browser/info/billing2.php,phishing
http://cpanel12wh.bkk1.cloud.z.com/~cp318430/app/browser/info/vbvload2.php/vbv2.php/vbv2.php,phishing
http://cpanel12wh.bkk1.cloud.z.com/~cp318430/app/browser/info/vbv.php,phishing
http://cpflamengos.com/chase/chase/home,phishing
http://cpsgrup.com,phishing
http://crangasi29.ro/login,phishing
http://credentials.webadmin-email.net/education_redirect_second/8c5781c2-7b1e-4035-b1d7-990e269e5380,phishing
http://creditiperhabbogratissicuro100.blogspot.it/2011/02/habbo-crediti-gratis-sicuro-100.html,phishing
http://crhunters.shop,phishing
http://cristianalvareztop.com,phishing
http://crisleine-erculano.github.io/interface-do-instagram,phishing
http://cristiansbarboza.github.io/fake-login-insta,phishing
http://crm.greatagentusa.com/landing/_login.php?1=umvizwthaebszxdpc2fuzg5py2tszxmuy29t&2=u21hy2sxmjm=&r=https://bookedsearch.com/p/588725792966413614321740285042129221986753410870363697665006,phishing
http://crons-efly-789b.crylpvhaolaeoy.workers.dev/favicon.ico,phishing
http://crm.jmed.com/admin/login/index,phishing
http://crownjul-dreasm-7206.olinltjsacnrai.workers.dev/ee4d775a-060f-468e-9ade-e49e42809ecb,phishing
http://crownjul-dreasm-7206.olinltjsacnrai.workers.dev/95fddbcf-f2e6-4f27-b439-8901bf74174e,phishing
http://crownjul-dreasm-7206.olinltjsacnrai.workers.dev/0e48dee4-2d2c-49ad-be2a-c8470cd44b69,phishing
http://crosslink.co.za/images/net,phishing
http://crypto-mails0000.wixsite.com/my-site,phishing
http://cshow.pages.dev/zimbra.maths.ox.ac.uk,phishing
http://csdept.csassistant06.com,phishing
http://csld72k.github.io/home-instagram,phishing
http://cubixpro.com/update/fillo,phishing
http://cuibasalegon.godaddysites.com,phishing
http://cuiinbaseeproologizz.godaddysites.com,phishing
http://cuikooinslognh.webflow.io,phishing
http://cuikooinslogoner.webflow.io,phishing
http://cum.funurl.com,phishing
http://curious-starship-6b5ec6.netlify.app,phishing
http://curentatwires45.wixstudio.com/my-site,phishing
http://currentllyattmaill.weebly.com,phishing
http://curr3ntlly.weebly.com,phishing
http://currently0734.weebly.com,phishing
http://currently0217.weebly.com,phishing
http://currently098765.weebly.com,phishing
http://currently04.weebly.com,phishing
http://currently06.weebly.com,phishing
http://currently0864.weebly.com,phishing
http://currently0987652.weebly.com,phishing
http://currently0538.weebly.com,phishing
http://curentlr001.weeblysite.com,phishing
http://currently12345.weebly.com,phishing
http://currently303.weebly.com,phishing
http://currentldkhf.weebly.com,phishing
http://currently1980.weebly.com,phishing
http://currently2020.weebly.com,phishing
http://currently210.weebly.com,phishing
http://currently277.weebly.com,phishing
http://currently202.weebly.com,phishing
http://currently2231.weebly.com,phishing
http://currently341.weebly.com,phishing
http://currently3035.weebly.com,phishing
http://currently3311.weebly.com,phishing
http://currently56321.weebly.com,phishing
http://currently4567.weebly.com,phishing
http://currently-101519.weeblysite.com,phishing
http://currentlly.typedream.app,phishing
http://currentlyaccess.weebly.com,phishing
http://currently-att-01-27-2025.weeblysite.com,phishing
http://currentlyatt51.weebly.com,phishing
http://currentnewsalerts.com/s/63bzgfsvbwsfcdx7y9/85201f/8681e9a8-b42e-44fc-8482-459b41358d3c,phishing
http://currentlyattyahoo6check.weebly.com,phishing
http://currentlysignin.weebly.com,phishing
http://currentlytt50.weebly.com,phishing
http://currentlysigninyahoo.weebly.com,phishing
http://currentlymainsecurity.weebly.com,phishing
http://customerccomxcast.weebly.com,phishing
http://customerreviewmail.weebly.com,phishing
http://customiz-orangmail.weebly.com,phishing
http://customboxesbulk.com,phishing
http://cuucainlogoncc.webflow.io,phishing
http://cuycoinloginn.webflow.io,phishing
http://cvfgbtr5432.blogspot.com,phishing
http://c.vip3656jun27.cc,phishing
http://cvhdxhfhfef.weebly.com,phishing
http://cwconnecting.online,phishing
http://cybersnoke.net/ilpp6yuifmej.html,phishing
http://cycspw.webwave.dev,phishing
http://cynibasiproolgoijn.godaddysites.com,phishing
http://cyrillopes.github.io/netflix,phishing
http://czytajpl.pl/wp-content/themes/twentytwenty/inc/ap,phishing
http://d1bic451mvzia9.cloudfront.net,phishing
http://d26hpdecvhwn5s.cloudfront.net/commercial/solutions/lending,phishing
http://d1bd3wxsyuz0t7.cloudfront.net,phishing
http://d-3-6-5-9.com,phishing
http://d49e8b53c2f1.godaddysites.com,phishing
http://d6trk3hach1bq.cloudfront.net,phishing
http://dadhichvansh.github.io/netflix-landing-page-clone,phishing
http://daf2019.com/8/03/bet/bet.html,phishing
http://daf2019.com/8/02/bet.html,phishing
http://daf2019.com/8/04/bet.html,phishing
http://daf2019.com/8/02,phishing
http://daisegseguros.com.br/wp-includes/certificates/asia-logs,phishing
http://daisegseguros.com.br/wp-admin/user/inv0147/ocx/doc,phishing
http://dalipthukral0.wixsite.com/updatee,phishing
http://damp-pine-9b71.kxy3oc4m.workers.dev/66c29fad-aba2-4b2b-bc61-c8d19267b937,phishing
http://damisasarah11.github.io/netflix-homepage1.,phishing
http://damisasarah11.github.io/netflix-homepage.1,phishing
http://dan4idd.github.io,phishing
http://dana-page-aktivasi-saldo.github.io,phishing
http://dancing-squirrel-0444bc.netlify.app,phishing
http://daniel-almeid.github.io/login-netflix,phishing
http://daniel-cybis.github.io/netflix-impostor,phishing
http://daniel-chapeau.wixsite.com/monsite,phishing
http://danielsuperohh.github.io/netflixclone,phishing
http://daotongintelligence163.com,phishing
http://danskemortgagecalculator-test.azurewebsites.net,phishing
http://dappsolutions.github.io,phishing
http://dapp-starter-pay3wfto1-dung-huynh-duc-kakas-projects.vercel.app,phishing
http://dapp-starter-g3by6mqqf-dung-huynh-duc-kakas-projects.vercel.app,phishing
http://dappsolutions.github.io/sync.html,phishing
http://daradesam.github.io/netflix-clone,phishing
http://dasbord-profesionality.github.io/bost-post/unpublish,phishing
http://darthnikitus.github.io,phishing
http://dashboard-alpha.allegro-task.shop,phishing
http://dascogeco.github.io/cogeciisss,phishing
http://daskrimti-jabar.web.id/library/repository,phishing
http://data-and-the-world.onrender.com,phishing
http://dataonyahatttt.weebly.com,phishing
http://david900jason.github.io/netflix_clone,phishing
http://daves-opensea-rebuild.netlify.app,phishing
http://davidbilson.github.io/netflixmobile,phishing
http://davidmalherbe3.wixsite.com/my-site,phishing
http://davidmalherbe3.wixsite.com/my-site/?user-agent=mozilla/5.0+(windows+nt+10.0,phishing
http://daystar.co.in/cgi-ent/direct.html,phishing
http://dazzleprogrammer.github.io/dazzflix,phishing
http://dbanks.vercel.app,phishing
http://dbank-debank.github.io,phishing
http://dbet365.com,phishing
http://dbestlelel234.wixsite.com/my-site-1,phishing
http://dcfvfdfgre3w.blogspot.tw,phishing
http://dcfvre11.blogspot.tw,phishing
http://dcmetlhot.wixsite.com/my-site-1,phishing
http://dcsimii.wixsite.com/my-site,phishing
http://dc.tensgpt.com,phishing
http://dc.tensgpt.com/moderation/360060487193-452-twitch-x-discord,phishing
http://dddjsjs.weebly.com,phishing
http://ddsl.me/3pogjog?sr,phishing
http://debank.appl.de.com,phishing
http://debdiptobiswas.github.io/netflix-clone,phishing
http://debmi.github.io/fggg,phishing
http://debu100.github.io/netflix-clone,phishing
http://deep1416.github.io/home-of-netflix,phishing
http://deepakacharyak.github.io/netflix-uiclone,phishing
http://deepak-077.github.io/fb_clone/index.html,phishing
http://deep871xd.github.io/netflix-clone-ui,phishing
http://deepak-077.github.io/fb_clone,phishing
http://deep6201.github.io/netflixcloned,phishing
http://deepakrajen123.github.io/netflix-cloning,phishing
http://deepasreejith.github.io/netflix-project,phishing
http://deepmaladixit.github.io/netflix.github.io,phishing
http://deep-git04.github.io/netflix,phishing
http://deeptikarki94.github.io/facebook,phishing
http://deepudas209.github.io/netflix,phishing
http://defre321.blogspot.com,phishing
http://delhiescort69.com/images/email.163.com.htm,phishing
http://delhiescort69.com/images/email.163.com.htm?http:/vipmail2.mail.sina.com.cn/classic/index.php,phishing
http://dekorcasa.com/excel/login.php?userid=andyyu0755,phishing
http://denizilebasvhrhemenn.com.tr,phishing
http://denizmahirkartal.com/wp-content/plugins/phy/oneddrive,phishing
github.com,benign
apache.org,benign
vimeo.com,benign
en.wikipedia.org,benign
wordpress.org,benign
nginx.org,benign
httpd.apache.org,benign
wordpress.com,benign
policies.google.com,benign
play.google.com,benign
gravatar.com,benign
apple.com,benign
apps.apple.com,benign
microsoft.com,benign
europa.eu,benign
wikipedia.org,benign
t.me,benign
plus.google.com,benign
amazon.com,benign
itunes.apple.com,benign
medium.com,benign
tumblr.com,benign
creativecommons.org,benign
linkedin.com,benign
soundcloud.com,benign
flickr.com,benign
drive.google.com,benign
nytimes.com,benign
tiktok.com,benign
w3.org,benign
reddit.com,benign
www.ncbi.nlm.nih.gov,benign
nih.gov,benign
goo.gl,benign
blogspot.com,benign
tinyurl.com,benign
launchpad.net,benign
web.archive.org,benign
issuu.com,benign
bbc.com,benign
forbes.com,benign
bbc.co.uk,benign
who.int,benign
dropbox.com,benign
theguardian.com,benign
zoom.us,benign
cpanel.net,benign
workspaceupdates.googleblog.com,benign
cloudflare.com,benign
cnn.com,benign
linktr.ee,benign
doi.org,benign
www.gov.uk,benign
pubmed.ncbi.nlm.nih.gov,benign
unsplash.com,benign
bing.com,benign
springer.com,benign
ibm.com,benign
time.com,benign
debian.org,benign
stanford.edu,benign
nasa.gov,benign
googleblog.com,benign
php.net,benign
nginx.com,benign
businessinsider.com,benign
link.springer.com,benign
wired.com,benign
nature.com,benign
eventbrite.com,benign
discord.gg,benign
npr.org,benign
wp.com,benign
commons.wikimedia.org,benign
imdb.com,benign
behance.net,benign
weebly.com,benign
addtoany.com,benign
techcrunch.com,benign
stackoverflow.com,benign
usatoday.com,benign
loc.gov,benign
discord.com,benign
cnet.com,benign
gitlab.com,benign
amzn.to,benign
ft.com,benign
cbsnews.com,benign
fr.wikipedia.org,benign
themeforest.net,benign
myspace.com,benign
wix.com,benign
hbr.org,benign
amazon.co.uk,benign
free.fr,benign
mailchimp.com,benign
unesco.org,benign
britannica.com,benign
prnewswire.com,benign
hubspot.com,benign
cornell.edu,benign
iso.org,benign
pci-fanshop.de,benign
investopedia.com,benign
podcasts.apple.com,benign
redhat.com,benign
blogger.com,benign
de.wikipedia.org,benign
dx.doi.org,benign
bandcamp.com,benign
nationalgeographic.com,benign
whitehouse.gov,benign
jotform.com,benign
substack.com,benign
washington.edu,benign
webmd.com,benign
goodreads.com,benign
mailchi.mp,benign
docker.com,benign
huffingtonpost.com,benign
theatlantic.com,benign
ubuntu.com,benign
princeton.edu,benign
dribbble.com,benign
epa.gov,benign
scribd.com,benign
scholar.google.com,benign
worldbank.org,benign
umich.edu,benign
mayoclinic.org,benign
trustpilot.com,benign
ieee.org,benign
readthedocs.io,benign
nbcnews.com,benign
pbs.org,benign
fandom.com,benign
noaa.gov,benign
apnews.com,benign
state.gov,benign
foxnews.com,benign
python.org,benign
plos.org,benign
frontiersin.org,benign
huffpost.com,benign
skype.com,benign
biomedcentral.com,benign
yale.edu,benign
ox.ac.uk,benign
upenn.edu,benign
change.org,benign
psychologytoday.com,benign
cisco.com,benign
patreon.com,benign
pewresearch.org,benign
bmj.com,benign
giphy.com,benign
psu.edu,benign
wikihow.com,benign
deviantart.com,benign
arcgis.com,benign
xing.com,benign
mailinabox.email,benign
es.wikipedia.org,benign
books.google.com,benign
newsweek.com,benign
amazon.de,benign
jimdo.com,benign
mashable.com,benign
themeisle.com,benign
oreilly.com,benign
abc.net.au,benign
scientificamerican.com,benign
sedo.com,benign
jstor.org,benign
cam.ac.uk,benign
umn.edu,benign
eff.org,benign
aliyun.com,benign
nvidia.com,benign
gizmodo.com,benign
gofundme.com,benign
disqus.com,benign
nps.gov,benign
merriam-webster.com,benign
cpanel.com,benign
nist.gov,benign
vox.com,benign
jhu.edu,benign
postgresql.org,benign
wiktionary.org,benign
getbootstrap.com,benign
ucla.edu,benign
moodle.org,benign
sohu.com,benign
coursera.org,benign
irs.gov,benign
fao.org,benign
slack.com,benign
slate.com,benign
acs.org,benign
